{
    "name": "root",
    "gauges": {
        "PaperPlane.Policy.Entropy.mean": {
            "value": 3.0271389484405518,
            "min": 3.0239157676696777,
            "max": 3.0377819538116455,
            "count": 19
        },
        "PaperPlane.Policy.Entropy.sum": {
            "value": 131934.828125,
            "min": 13373.0625,
            "max": 478523.34375,
            "count": 19
        },
        "PaperPlane.Environment.EpisodeLength.mean": {
            "value": 268.13432835820896,
            "min": 184.8705035971223,
            "max": 283.1220657276995,
            "count": 19
        },
        "PaperPlane.Environment.EpisodeLength.sum": {
            "value": 35930.0,
            "min": 3511.0,
            "max": 114845.0,
            "count": 19
        },
        "PaperPlane.Step.mean": {
            "value": 949770.0,
            "min": 49863.0,
            "max": 949770.0,
            "count": 19
        },
        "PaperPlane.Step.sum": {
            "value": 949770.0,
            "min": 49863.0,
            "max": 949770.0,
            "count": 19
        },
        "PaperPlane.Policy.ExtrinsicValueEstimate.mean": {
            "value": -0.009886098094284534,
            "min": -0.2099832147359848,
            "max": 0.0542454794049263,
            "count": 19
        },
        "PaperPlane.Policy.ExtrinsicValueEstimate.sum": {
            "value": -2.7681074142456055,
            "min": -81.6834716796875,
            "max": 11.571179389953613,
            "count": 19
        },
        "PaperPlane.Policy.CuriosityValueEstimate.mean": {
            "value": 0.11076728254556656,
            "min": -0.003672435414046049,
            "max": 0.11776389181613922,
            "count": 19
        },
        "PaperPlane.Policy.CuriosityValueEstimate.sum": {
            "value": 31.01483917236328,
            "min": -0.9878851175308228,
            "max": 44.39698791503906,
            "count": 19
        },
        "PaperPlane.Environment.CumulativeReward.mean": {
            "value": 0.012415784723889916,
            "min": -4.884347643171038,
            "max": 0.012415784723889916,
            "count": 19
        },
        "PaperPlane.Environment.CumulativeReward.sum": {
            "value": 1.6637151530012488,
            "min": -1281.5545790882315,
            "max": 1.6637151530012488,
            "count": 19
        },
        "PaperPlane.Policy.ExtrinsicReward.mean": {
            "value": 0.012415784723889916,
            "min": -4.884347643171038,
            "max": 0.012415784723889916,
            "count": 19
        },
        "PaperPlane.Policy.ExtrinsicReward.sum": {
            "value": 1.6637151530012488,
            "min": -1281.5545790882315,
            "max": 1.6637151530012488,
            "count": 19
        },
        "PaperPlane.Policy.CuriosityReward.mean": {
            "value": 0.12377588756021056,
            "min": 0.0,
            "max": 0.6436850935262576,
            "count": 19
        },
        "PaperPlane.Policy.CuriosityReward.sum": {
            "value": 16.585968933068216,
            "min": 0.0,
            "max": 128.56829961854964,
            "count": 19
        },
        "PaperPlane.IsTraining.mean": {
            "value": 1.0,
            "min": 1.0,
            "max": 1.0,
            "count": 19
        },
        "PaperPlane.IsTraining.sum": {
            "value": 1.0,
            "min": 1.0,
            "max": 1.0,
            "count": 19
        },
        "PaperPlane.Losses.PolicyLoss.mean": {
            "value": 0.01074245024259047,
            "min": 0.01074245024259047,
            "max": 0.012087556722921335,
            "count": 5
        },
        "PaperPlane.Losses.PolicyLoss.sum": {
            "value": 0.01074245024259047,
            "min": 0.01074245024259047,
            "max": 0.012087556722921335,
            "count": 5
        },
        "PaperPlane.Losses.ValueLoss.mean": {
            "value": 0.01696365944420298,
            "min": 0.01696365944420298,
            "max": 0.0855367330627309,
            "count": 5
        },
        "PaperPlane.Losses.ValueLoss.sum": {
            "value": 0.01696365944420298,
            "min": 0.01696365944420298,
            "max": 0.0855367330627309,
            "count": 5
        },
        "PaperPlane.Policy.LearningRate.mean": {
            "value": 0.0002874608741797101,
            "min": 0.0002874608741797101,
            "max": 0.0002973994658668448,
            "count": 5
        },
        "PaperPlane.Policy.LearningRate.sum": {
            "value": 0.0002874608741797101,
            "min": 0.0002874608741797101,
            "max": 0.0002973994658668448,
            "count": 5
        },
        "PaperPlane.Policy.Epsilon.mean": {
            "value": 0.19582028999999995,
            "min": 0.19582028999999995,
            "max": 0.19913315499999995,
            "count": 5
        },
        "PaperPlane.Policy.Epsilon.sum": {
            "value": 0.19582028999999995,
            "min": 0.19582028999999995,
            "max": 0.19913315499999995,
            "count": 5
        },
        "PaperPlane.Policy.Beta.mean": {
            "value": 0.0019168237710000006,
            "min": 0.0019168237710000006,
            "max": 0.0019827497844999995,
            "count": 5
        },
        "PaperPlane.Policy.Beta.sum": {
            "value": 0.0019168237710000006,
            "min": 0.0019168237710000006,
            "max": 0.0019827497844999995,
            "count": 5
        },
        "PaperPlane.Losses.CuriosityForwardLoss.mean": {
            "value": 0.05548300237084428,
            "min": 0.05548300237084428,
            "max": 0.38232711016658755,
            "count": 5
        },
        "PaperPlane.Losses.CuriosityForwardLoss.sum": {
            "value": 0.05548300237084428,
            "min": 0.05548300237084428,
            "max": 0.38232711016658755,
            "count": 5
        },
        "PaperPlane.Losses.CuriosityInverseLoss.mean": {
            "value": 1.6760999898115794,
            "min": 1.6760999898115794,
            "max": 3.8013711013491194,
            "count": 5
        },
        "PaperPlane.Losses.CuriosityInverseLoss.sum": {
            "value": 1.6760999898115794,
            "min": 1.6760999898115794,
            "max": 3.8013711013491194,
            "count": 5
        }
    },
    "metadata": {
        "timer_format_version": "0.1.0",
        "start_time_seconds": "1779992879",
        "python_version": "3.10.12 | packaged by Anaconda, Inc. | (main, Jul  5 2023, 19:01:18) [MSC v.1916 64 bit (AMD64)]",
        "command_line_arguments": "C:\\Users\\gelle\\anaconda3\\envs\\mlagents\\Scripts\\mlagents-learn Assets/config/plane_config.yaml --env=Builds/PlaneEnv7/test1.exe --run-id=PaperPlane_V14_7 --num-envs=4 --no-graphics --force",
        "mlagents_version": "1.2.0.dev0",
        "mlagents_envs_version": "1.2.0.dev0",
        "communication_protocol_version": "1.5.0",
        "pytorch_version": "2.2.2+cpu",
        "numpy_version": "1.23.5",
        "end_time_seconds": "1779993647"
    },
    "total": 767.4498751000501,
    "count": 1,
    "self": 1.2632127001415938,
    "children": {
        "run_training.setup": {
            "total": 1.106605299981311,
            "count": 1,
            "self": 1.106605299981311
        },
        "TrainerController.start_learning": {
            "total": 765.0800570999272,
            "count": 1,
            "self": 0.20766559103503823,
            "children": {
                "TrainerController._reset_env": {
                    "total": 6.2424087999388576,
                    "count": 1,
                    "self": 6.2424087999388576
                },