{"count":1,"self":704.764672,"total":706.00995249999994,"children":{"InitializeActuators":{"count":1,"self":0.0010082,"total":0.0010082,"children":null},"InitializeSensors":{"count":1,"self":0.0030413999999999997,"total":0.0030413999999999997,"children":null},"AgentSendState":{"count":7539,"self":0.2207005,"total":0.2766281,"children":{"CollectObservations":{"count":1508,"self":0.036321099999999995,"total":0.036321099999999995,"children":null},"WriteActionMask":{"count":1508,"self":0.0035183999999999997,"total":0.0035183999999999997,"children":null},"RequestDecision":{"count":1508,"self":0.016088099999999998,"total":0.016088099999999998,"children":null}}},"DecideAction":{"count":7539,"self":0.8458854,"total":0.9357646,"children":{"RayPerceptionSensor.Perceive":{"count":6032,"self":0.089879199999999992,"total":0.089879199999999992,"children":null}}},"AgentAct":{"count":7539,"self":0.028850999999999998,"total":0.028850999999999998,"children":null}},"gauges":{"PaperPlane.CumulativeReward":{"count":5,"max":14.5661182,"min":12.2341309,"runningAverage":13.1947155,"value":12.3127251,"weightedAverage":12.94599}},"metadata":{"timer_format_version":"0.1.0","start_time_seconds":"1780258780","unity_version":"6000.3.9f1","command_line_arguments":"C:\\Program Files\\Unity\\Hub\\Editor\\6000.3.9f1\\Editor\\Unity.exe -projectpath C:\\Users\\gelle\\Desktop\\megborult windows\\Juniti\\test1 -acceptSoftwareTermsForThisRunOnly -useHub -hubIPC -cloudEnvironment production","communication_protocol_version":"1.5.0","com.unity.ml-agents_version":"4.0.2","scene_name":"basic_flight","end_time_seconds":"1780259486"}}