{
    "name": "root",
    "gauges": {
        "PaperPlane.Policy.Entropy.mean": {
            "value": 3.041710376739502,
            "min": 3.0283291339874268,
            "max": 3.042431592941284,
            "count": 20
        },
        "PaperPlane.Policy.Entropy.sum": {
            "value": 153788.875,
            "min": 138994.390625,
            "max": 196527.0625,
            "count": 20
        },
        "PaperPlane.Environment.EpisodeLength.mean": {
            "value": 238.14832535885168,
            "min": 234.93396226415095,
            "max": 258.559585492228,
            "count": 20
        },
        "PaperPlane.Environment.EpisodeLength.sum": {
            "value": 49773.0,
            "min": 49588.0,
            "max": 50241.0,
            "count": 20
        },
        "PaperPlane.Step.mean": {
            "value": 999804.0,
            "min": 49848.0,
            "max": 999804.0,
            "count": 20
        },
        "PaperPlane.Step.sum": {
            "value": 999804.0,
            "min": 49848.0,
            "max": 999804.0,
            "count": 20
        },
        "PaperPlane.Policy.ExtrinsicValueEstimate.mean": {
            "value": -14.011550903320312,
            "min": -14.1515531539917,
            "max": 0.0324888713657856,
            "count": 20
        },
        "PaperPlane.Policy.ExtrinsicValueEstimate.sum": {
            "value": -2928.4140625,
            "min": -2928.4140625,
            "max": 6.270351886749268,
            "count": 20
        },
        "PaperPlane.Environment.CumulativeReward.mean": {
            "value": -156.10054819207443,
            "min": -237.92925721005454,
            "max": -150.7309405951979,
            "count": 20
        },
        "PaperPlane.Environment.CumulativeReward.sum": {
            "value": -32625.014572143555,
            "min": -45920.34664154053,
            "max": -31502.766584396362,
            "count": 20
        },
        "PaperPlane.Policy.ExtrinsicReward.mean": {
            "value": -156.10054819207443,
            "min": -237.92925721005454,
            "max": -150.7309405951979,
            "count": 20
        },
        "PaperPlane.Policy.ExtrinsicReward.sum": {
            "value": -32625.014572143555,
            "min": -45920.34664154053,
            "max": -31502.766584396362,
            "count": 20
        },
        "PaperPlane.IsTraining.mean": {
            "value": 1.0,
            "min": 1.0,
            "max": 1.0,
            "count": 20
        },
        "PaperPlane.IsTraining.sum": {
            "value": 1.0,
            "min": 1.0,
            "max": 1.0,
            "count": 20
        },
        "PaperPlane.Losses.PolicyLoss.mean": {
            "value": 0.00925269910016708,
            "min": 0.00925269910016708,
            "max": 0.00925269910016708,
            "count": 1
        },
        "PaperPlane.Losses.PolicyLoss.sum": {
            "value": 0.00925269910016708,
            "min": 0.00925269910016708,
            "max": 0.00925269910016708,
            "count": 1
        },
        "PaperPlane.Losses.ValueLoss.mean": {
            "value": 72.28963575055522,
            "min": 72.28963575055522,
            "max": 72.28963575055522,
            "count": 1
        },
        "PaperPlane.Losses.ValueLoss.sum": {
            "value": 72.28963575055522,
            "min": 72.28963575055522,
            "max": 72.28963575055522,
            "count": 1
        },
        "PaperPlane.Policy.LearningRate.mean": {
            "value": 0.0003795134451216399,
            "min": 0.0003795134451216399,
            "max": 0.0003795134451216399,
            "count": 1
        },
        "PaperPlane.Policy.LearningRate.sum": {
            "value": 0.0003795134451216399,
            "min": 0.0003795134451216399,
            "max": 0.0003795134451216399,
            "count": 1
        },
        "PaperPlane.Policy.Epsilon.mean": {
            "value": 0.19487836,
            "min": 0.19487836,
            "max": 0.19487836,
            "count": 1
        },
        "PaperPlane.Policy.Epsilon.sum": {
            "value": 0.19487836,
            "min": 0.19487836,
            "max": 0.19487836,
            "count": 1
        },
        "PaperPlane.Policy.Beta.mean": {
            "value": 0.023720102164,
            "min": 0.023720102164,
            "max": 0.023720102164,
            "count": 1
        },
        "PaperPlane.Policy.Beta.sum": {
            "value": 0.023720102164,
            "min": 0.023720102164,
            "max": 0.023720102164,
            "count": 1
        }
    },
    "metadata": {
        "timer_format_version": "0.1.0",
        "start_time_seconds": "1779741577",
        "python_version": "3.10.12 | packaged by Anaconda, Inc. | (main, Jul  5 2023, 19:01:18) [MSC v.1916 64 bit (AMD64)]",
        "command_line_arguments": "C:\\Users\\gelle\\anaconda3\\envs\\mlagents\\Scripts\\mlagents-learn Assets/config/plane_config.yaml --run-id=PaperPlane_V10_2 --force",
        "mlagents_version": "1.2.0.dev0",
        "mlagents_envs_version": "1.2.0.dev0",
        "communication_protocol_version": "1.5.0",
        "pytorch_version": "2.2.2+cpu",
        "numpy_version": "1.23.5",
        "end_time_seconds": "1779742387"
    },
    "total": 810.0406722999178,
    "count": 1,
    "self": 0.00542809977196157,
    "children": {
        "run_training.setup": {
            "total": 0.17168600007425994,
            "count": 1,
            "self": 0.17168600007425994
        },
        "TrainerController.start_learning": {
            "total": 809.8635582000716,
            "count": 1,
            "self": 0.24221769801806659,
            "children": {
                "TrainerController._reset_env": {
                    "total": 8.838681599940173,
                    "count": 1,
                    "self": 8.838681599940173
                },
                "TrainerController.advance": {
                    "total": 800.6672792021418,
                    "count": 11199,
                    "self": 0.25835500564426184,
                    "children": {
                        "env_step": {
                            "total": 502.2039454972837,
                            "count": 11199,
                            "self": 480.51019048911985,
                            "children": {
                                "SubprocessEnvManager._take_step": {
                                    "total": 21.55077749933116,
                                    "count": 11199,
                                    "self": 0.8803940019570291,
                                    "children": {
                                        "TorchPolicy.evaluate": {
                                            "total": 20.670383497374132,
                                            "count": 8133,
                                            "self": 20.670383497374132
                                        }
                                    }
                                },
                                "workers": {
                                    "total": 0.14297750883270055,
                                    "count": 11199,
                                    "self": 0.0,
                                    "children": {
                                        "worker_root": {
                                            "total": 726.1985675012693,
                                            "count": 11199,
                                            "is_parallel": true,
                                            "self": 290.98466969875153,