{
    "name": "root",
    "gauges": {
        "PaperPlane.Policy.Entropy.mean": {
            "value": 3.1863529682159424,
            "min": 3.077932834625244,
            "max": 3.1863529682159424,
            "count": 48
        },
        "PaperPlane.Policy.Entropy.sum": {
            "value": 172521.890625,
            "min": 2389.346923828125,
            "max": 872861.5,
            "count": 48
        },
        "PaperPlane.Environment.EpisodeLength.mean": {
            "value": 278.3316326530612,
            "min": 246.0976331360947,
            "max": 300.0,
            "count": 48
        },
        "PaperPlane.Environment.EpisodeLength.sum": {
            "value": 54553.0,
            "min": 18536.0,
            "max": 83181.0,
            "count": 48
        },
        "PaperPlane.Step.mean": {
            "value": 7349944.0,
            "min": 4999729.0,
            "max": 7349944.0,
            "count": 48
        },
        "PaperPlane.Step.sum": {
            "value": 7349944.0,
            "min": 4999729.0,
            "max": 7349944.0,
            "count": 48
        },
        "PaperPlane.Policy.ExtrinsicValueEstimate.mean": {
            "value": 0.08440375328063965,
            "min": 0.06182160601019859,
            "max": 0.08585526049137115,
            "count": 48
        },
        "PaperPlane.Policy.ExtrinsicValueEstimate.sum": {
            "value": 15.023868560791016,
            "min": 10.767156600952148,
            "max": 17.132999420166016,
            "count": 48
        },
        "PaperPlane.Policy.CuriosityValueEstimate.mean": {
            "value": 0.018080614507198334,
            "min": 0.014705787412822247,
            "max": 0.019767500460147858,
            "count": 48
        },
        "PaperPlane.Policy.CuriosityValueEstimate.sum": {
            "value": 3.2183494567871094,
            "min": 2.4411606788635254,
            "max": 4.35655403137207,
            "count": 48
        },
        "PaperPlane.Environment.CumulativeReward.mean": {
            "value": 0.589582478397348,
            "min": 0.4526629665318657,
            "max": 0.694407823079444,
            "count": 48
        },
        "PaperPlane.Environment.CumulativeReward.sum": {
            "value": 104.94568115472794,
            "min": 76.95270431041718,
            "max": 130.54867073893547,
            "count": 48
        },
        "PaperPlane.Policy.ExtrinsicReward.mean": {
            "value": 0.589582478397348,
            "min": 0.4526629665318657,
            "max": 0.694407823079444,
            "count": 48
        },
        "PaperPlane.Policy.ExtrinsicReward.sum": {
            "value": 104.94568115472794,
            "min": 76.95270431041718,
            "max": 130.54867073893547,
            "count": 48
        },
        "PaperPlane.Policy.CuriosityReward.mean": {
            "value": 0.04275409508956952,
            "min": 0.0,
            "max": 0.0481675793074787,
            "count": 48
        },
        "PaperPlane.Policy.CuriosityReward.sum": {
            "value": 7.610228925943375,
            "min": 0.0,
            "max": 8.52566153742373,
            "count": 48
        },
        "PaperPlane.IsTraining.mean": {
            "value": 1.0,
            "min": 1.0,
            "max": 1.0,
            "count": 48
        },
        "PaperPlane.IsTraining.sum": {
            "value": 1.0,
            "min": 1.0,
            "max": 1.0,
            "count": 48
        },
        "PaperPlane.Losses.PolicyLoss.mean": {
            "value": 0.012036194133702893,
            "min": 0.011546702836058102,
            "max": 0.013368885091304863,
            "count": 13
        },
        "PaperPlane.Losses.PolicyLoss.sum": {
            "value": 0.012036194133702893,
            "min": 0.011546702836058102,
            "max": 0.013368885091304863,
            "count": 13
        },
        "PaperPlane.Losses.ValueLoss.mean": {
            "value": 0.0025008607090723405,
            "min": 0.0007684501173966766,
            "max": 0.003163004195613956,
            "count": 13
        },
        "PaperPlane.Losses.ValueLoss.sum": {
            "value": 0.0025008607090723405,
            "min": 0.0007684501173966766,
            "max": 0.003163004195613956,
            "count": 13
        },
        "PaperPlane.Policy.LearningRate.mean": {
            "value": 0.000319476661104675,
            "min": 0.000319476661104675,
            "max": 0.000371861350627735,
            "count": 13
        },
        "PaperPlane.Policy.LearningRate.sum": {
            "value": 0.000319476661104675,
            "min": 0.000319476661104675,
            "max": 0.000371861350627735,
            "count": 13
        },
        "PaperPlane.Policy.Epsilon.mean": {
            "value": 0.1638953249999999,
            "min": 0.1638953249999999,
            "max": 0.17437226500000005,
            "count": 13
        },
        "PaperPlane.Policy.Epsilon.sum": {
            "value": 0.1638953249999999,
            "min": 0.1638953249999999,
            "max": 0.17437226500000005,
            "count": 13
        },
        "PaperPlane.Policy.Beta.mean": {
            "value": 0.006393142967500001,
            "min": 0.006393142967500001,
            "max": 0.007439789273500001,
            "count": 13
        },
        "PaperPlane.Policy.Beta.sum": {
            "value": 0.006393142967500001,
            "min": 0.006393142967500001,
            "max": 0.007439789273500001,
            "count": 13
        },
        "PaperPlane.Losses.CuriosityForwardLoss.mean": {
            "value": 0.015242785224463882,
            "min": 0.012532307635992765,
            "max": 0.01577806564979255,
            "count": 13
        },
        "PaperPlane.Losses.CuriosityForwardLoss.sum": {
            "value": 0.015242785224463882,
            "min": 0.012532307635992765,
            "max": 0.01577806564979255,
            "count": 13
        },
        "PaperPlane.Losses.CuriosityInverseLoss.mean": {
            "value": 1.5527149002726486,
            "min": 1.5527149002726486,
            "max": 1.603599979196276,
            "count": 13
        },
        "PaperPlane.Losses.CuriosityInverseLoss.sum": {
            "value": 1.5527149002726486,
            "min": 1.5527149002726486,
            "max": 1.603599979196276,
            "count": 13
        }
    },
    "metadata": {
        "timer_format_version": "0.1.0",
        "start_time_seconds": "1780009291",
        "python_version": "3.10.12 | packaged by Anaconda, Inc. | (main, Jul  5 2023, 19:01:18) [MSC v.1916 64 bit (AMD64)]",
        "command_line_arguments": "C:\\Users\\gelle\\anaconda3\\envs\\mlagents\\Scripts\\mlagents-learn Assets/config/plane_config.yaml --env=Builds/PlaneEnv9/test1.exe --run-id=PaperPlane_V14_10 --num-envs=5 --no-graphics --resume",
        "mlagents_version": "1.2.0.dev0",
        "mlagents_envs_version": "1.2.0.dev0",
        "communication_protocol_version": "1.5.0",
        "pytorch_version": "2.2.2+cpu",
        "numpy_version": "1.23.5",
        "end_time_seconds": "1780011875"
    },
    "total": 2583.446225799853,
    "count": 1,
    "self": 2.4327030999120325,
    "children": {
        "run_training.setup": {
            "total": 1.2539721000939608,
            "count": 1,
            "self": 1.2539721000939608
        },
        "TrainerController.start_learning": {
            "total": 2579.759550599847,
            "count": 1,
            "self": 0.32337220245972276,
            "children": {
                "TrainerController._reset_env": {
                    "total": 6.139800899894908,
                    "count": 1,
                    "self": 6.139800899894908
                },